tx_id,step,type,amount,nameOrig,nameDest,actual,rule_count,fired_rules,score
6281794,651,TRANSFER,9996886.64,C429282035,C1318460385,1,2,Large TRANSFER;Account drain;,2.648477338127075
6361724,718,TRANSFER,9749042.95,C1040320190,C598263954,1,2,Large TRANSFER;Account drain;,2.632400231108605
6282226,656,TRANSFER,9468064.05,C554608123,C532377290,1,2,Large TRANSFER;Account drain;,2.614173711622747
6168504,554,TRANSFER,9421856.87,C476581036,C919579772,1,2,Large TRANSFER;Account drain;,2.611176347526523
6296671,677,TRANSFER,9295454.24,C1216463302,C1920599052,1,2,Large TRANSFER;Account drain;,2.602976870630718
6273177,634,TRANSFER,9168747.51,C183711980,C987041812,1,2,Large TRANSFER;Account drain;,2.5947576673975417
6351136,698,TRANSFER,9097679.75,C413853456,C949247454,1,2,Large TRANSFER;Account drain;,2.5901476489496926
6347063,694,TRANSFER,8980853.88,C741504749,C1185320057,1,2,Large TRANSFER;Account drain;,2.582569396646736
6266288,615,TRANSFER,8931550.69,C1634206825,C977366743,1,2,Large TRANSFER;Account drain;,2.579371200791994
6351240,704,TRANSFER,8813323.11,C1044721452,C61841056,1,2,Large TRANSFER;Account drain;,2.571702022463529
6283809,658,TRANSFER,8730600.58,C1419011226,C150488099,1,2,Large TRANSFER;Account drain;,2.5663359832165806
6351204,701,TRANSFER,8537861.24,C601921404,C1092111599,1,2,Large TRANSFER;Account drain;,2.5538333812909504
6272973,629,TRANSFER,8488865.83,C2072377567,C816064707,1,2,Large TRANSFER;Account drain;,2.5506551504875605
6359044,715,TRANSFER,8443528.7,C1776089845,C870079370,1,2,Large TRANSFER;Account drain;,2.547714224733428
6203410,585,TRANSFER,8286342.51,C1448634544,C2054992748,1,2,Large TRANSFER;Account drain;,2.5375178820367243
6168736,562,TRANSFER,8208916.0,C364617026,C1664077486,1,2,Large TRANSFER;Account drain;,2.5324953846419485
6301228,681,TRANSFER,8104557.88,C2106211047,C1629558772,1,2,Large TRANSFER;Account drain;,2.525725889467444
6291487,664,TRANSFER,7807640.17,C843174735,C1348278201,1,2,Large TRANSFER;Account drain;,2.5064654523776437
6276603,638,TRANSFER,7788725.2,C1474481275,C955662088,1,2,Large TRANSFER;Account drain;,2.505238477436538
6362563,739,TRANSFER,7758036.72,C365237849,C332427023,1,2,Large TRANSFER;Account drain;,2.5032477792783796
6100653,523,TRANSFER,7603589.38,C1672263305,C1495920841,1,2,Large TRANSFER;Account drain;,2.4932291001104816
6293767,668,TRANSFER,7539165.76,C64015154,C1744865437,1,2,Large TRANSFER;Account drain;,2.4890500732679697
6127947,542,TRANSFER,7469051.14,C88290164,C161940442,1,2,Large TRANSFER;Account drain;,2.4845018830384773
6321721,688,TRANSFER,7442005.19,C1517198206,C1743049474,1,2,Large TRANSFER;Account drain;,2.482747468259686
6348540,695,TRANSFER,7435751.59,C1466030331,C1541661515,1,2,Large TRANSFER;Account drain;,2.4823418101755492
6357397,710,TRANSFER,7418265.31,C1908904298,C646426738,1,2,Large TRANSFER;Account drain;,2.4812075113966903
6186774,568,TRANSFER,7365106.76,C22695246,C750661088,1,2,Large TRANSFER;Account drain;,2.4777592263211385
6259042,600,TRANSFER,7363709.23,C551820728,C2069632802,1,2,Large TRANSFER;Account drain;,2.4776685714435764
6266292,616,TRANSFER,7240965.96,C1568587963,C362987320,1,2,Large TRANSFER;Account drain;,2.4697064696543922
6296028,672,TRANSFER,7218629.01,C426878281,C1596412871,1,2,Large TRANSFER;Account drain;,2.4682575179557786
6272068,621,TRANSFER,6961359.11,C1508375494,C1926498951,1,2,Large TRANSFER;Account drain;,2.451568952211252
6272933,625,TRANSFER,6870369.62,C1056784519,C489344681,1,2,Large TRANSFER;Account drain;,2.4456666523855595
6344448,692,TRANSFER,6856104.02,C528343888,C737162592,1,2,Large TRANSFER;Account drain;,2.4447412724499933
6288329,661,TRANSFER,6695070.79,C1895081516,C849791185,1,2,Large TRANSFER;Account drain;,2.434295380233654
6259967,606,TRANSFER,6575903.12,C2128461532,C792804461,1,2,Large TRANSFER;Account drain;,2.426565220213313
6301877,683,TRANSFER,6545346.16,C2078436803,C653053938,1,2,Large TRANSFER;Account drain;,2.424583053485247
6361048,717,TRANSFER,6512846.44,C796312778,C1064867457,1,2,Large TRANSFER;Account drain;,2.422474863938399
6351236,703,TRANSFER,6498297.7,C1720178910,C322380690,1,2,Large TRANSFER;Account drain;,2.4215311172972642
6281473,646,TRANSFER,6468916.64,C192639055,C63453823,1,2,Large TRANSFER;Account drain;,2.4196252287675377
6360698,716,TRANSFER,6426126.34,C1681613660,C1588106551,1,2,Large TRANSFER;Account drain;,2.4168495106023813
6118161,531,TRANSFER,6392800.85,C1354536718,C927202154,1,2,Large TRANSFER;Account drain;,2.414687755065361
6362419,727,TRANSFER,6377401.2,C1366321878,C1565876576,1,2,Large TRANSFER;Account drain;,2.4136888116543065
6168734,562,TRANSFER,6324299.91,C1187969526,C962858341,1,2,Large TRANSFER;Account drain;,2.4102442409164
6362433,728,TRANSFER,6322399.97,C1838430036,C432858723,1,2,Large TRANSFER;Account drain;,2.41012099574236
6362617,743,TRANSFER,6311409.28,C1529008245,C1881841831,1,2,Large TRANSFER;Account drain;,2.4094080524379056
6308250,685,TRANSFER,6295010.28,C1070365668,C874365535,1,2,Large TRANSFER;Account drain;,2.4083442832614708
6201754,578,TRANSFER,6274752.67,C1756348910,C1746536582,1,2,Large TRANSFER;Account drain;,2.407030214043455
6296625,674,TRANSFER,6250438.78,C2029976755,C693212579,1,2,Large TRANSFER;Account drain;,2.4054530223402275
6362331,719,TRANSFER,6219566.63,C1254000350,C432911682,1,2,Large TRANSFER;Account drain;,2.4034504098894516
6362365,723,TRANSFER,6199009.0,C838658203,C539837230,1,2,Large TRANSFER;Account drain;,2.402116878995217
6328868,689,TRANSFER,6174385.48,C1025625307,C1773172922,1,2,Large TRANSFER;Account drain;,2.4005196022349677
6202287,582,TRANSFER,6106149.52,C2033700175,C655923955,1,2,Large TRANSFER;Account drain;,2.3960932767899745
6272362,621,TRANSFER,6038051.03,C1986822150,C432052755,1,2,Large TRANSFER;Account drain;,2.391675868739254
6100679,523,TRANSFER,5999376.79,C1206710867,C2020321619,1,2,Large TRANSFER;Account drain;,2.3891671508641372
6292083,664,TRANSFER,5652739.69,C1605555935,C348655001,1,2,Large TRANSFER;Account drain;,2.3666815198873223
6256792,598,TRANSFER,5566368.02,C94269091,C2096924215,1,2,Large TRANSFER;Account drain;,2.3610787684839925
6127450,541,TRANSFER,5512595.16,C866940482,C439777309,1,2,Large TRANSFER;Account drain;,2.3575906343906485
6294045,669,TRANSFER,5388834.64,C2045535389,C1440223571,1,2,Large TRANSFER;Account drain;,2.3495625457001457
6347724,694,TRANSFER,5175876.53,C599212256,C480756474,1,2,Large TRANSFER;Account drain;,2.335748394026883
6130057,542,TRANSFER,5166393.44,C1707763066,C190447545,1,2,Large TRANSFER;Account drain;,2.3351332456129943
6276609,638,TRANSFER,5101855.95,C918684226,C1674571647,1,2,Large TRANSFER;Account drain;,2.3309468322593463
6296663,676,TRANSFER,5016884.33,C60690342,C1327214337,1,2,Large TRANSFER;Account drain;,2.325434899200761
6201651,578,TRANSFER,4961014.03,C740943100,C1093087411,1,2,Large TRANSFER;Account drain;,2.3218107085172943
6308248,685,TRANSFER,4886423.05,C557894266,C1725513942,1,2,Large TRANSFER;Account drain;,2.316972146082751
6227071,591,TRANSFER,4863106.47,C355787543,C2072616549,1,2,Large TRANSFER;Account drain;,2.3154596478143277
6260392,608,TRANSFER,4716307.48,C941946048,C34938557,1,2,Large TRANSFER;Account drain;,2.305937101275284
6259937,604,TRANSFER,4672401.04,C801580496,C1917884973,1,2,Large TRANSFER;Account drain;,2.3030889814192568
6100669,523,TRANSFER,4623764.68,C538300910,C158509882,1,2,Large TRANSFER;Account drain;,2.299934041445966
6281774,650,TRANSFER,4480592.14,C1190439284,C916277817,1,2,Large TRANSFER;Account drain;,2.290646735209983
6280929,644,TRANSFER,4438931.81,C594373709,C2071706455,1,2,Large TRANSFER;Account drain;,2.2879443158591624
6279188,643,TRANSFER,4222595.06,C796012531,C848830970,1,2,Large TRANSFER;Account drain;,2.2739109988044572
6265589,614,TRANSFER,4212682.84,C359671277,C1265391231,1,2,Large TRANSFER;Account drain;,2.2732680136159678
6358069,713,TRANSFER,4130371.73,C589050166,C2115142048,1,2,Large TRANSFER;Account drain;,2.2679286623325883
6273165,633,TRANSFER,4128853.75,C1152970909,C648717098,1,2,Large TRANSFER;Account drain;,2.2678301941129133
6259929,603,TRANSFER,4099382.36,C371063342,C1426227397,1,2,Large TRANSFER;Account drain;,2.2659184460631123
6293771,668,TRANSFER,4022098.69,C1924819365,C295800358,1,2,Large TRANSFER;Account drain;,2.260905214403391
6362599,742,TRANSFER,4009058.39,C1044665079,C750074708,1,2,Large TRANSFER;Account drain;,2.2600593171418835
6259957,606,TRANSFER,3973479.44,C1343326051,C1550636645,1,2,Large TRANSFER;Account drain;,2.257751384320375
6175293,564,TRANSFER,3968964.4,C432264411,C536142403,1,2,Large TRANSFER;Account drain;,2.25745850302381
6362539,736,TRANSFER,3912252.81,C1027836426,C1420360945,1,2,Large TRANSFER;Account drain;,2.253779739599905
6329815,690,TRANSFER,3887853.15,C804681656,C753327300,1,2,Large TRANSFER;Account drain;,2.252196984174361
6362437,728,TRANSFER,3846781.01,C987072193,C611870654,1,2,Large TRANSFER;Account drain;,2.2495327194910137
6275273,637,TRANSFER,3845765.36,C196788126,C1000407130,1,2,Large TRANSFER;Account drain;,2.249466836378382
6166271,551,TRANSFER,3774777.76,C695007520,C2011756935,1,2,Large TRANSFER;Account drain;,2.2448620177437646
6122464,540,TRANSFER,3707342.38,C374837876,C369028557,1,2,Large TRANSFER;Account drain;,2.240487624265798
6272282,621,TRANSFER,3582885.46,C541955381,C212885805,1,2,Large TRANSFER;Account drain;,2.2324143615491674
6331586,690,TRANSFER,3574316.05,C1370421735,C1314506376,1,2,Large TRANSFER;Account drain;,2.2318584816651357
6168680,557,TRANSFER,3571807.73,C44010556,C1705119196,1,2,Large TRANSFER;Account drain;,2.2316957721401263
6117950,531,TRANSFER,3547485.43,C1934752840,C221266057,1,2,Large TRANSFER;Account drain;,2.230118034897611
6362411,726,TRANSFER,3547010.54,C2022499393,C401908877,1,2,Large TRANSFER;Account drain;,2.2300872297665544
6296665,676,TRANSFER,3542716.02,C1521869137,C377406581,1,2,Large TRANSFER;Account drain;,2.2298086531458106
6259030,600,TRANSFER,3455440.17,C1093183182,C112266797,1,2,Large TRANSFER;Account drain;,2.224147249457954
6118265,533,TRANSFER,3439121.37,C11425665,C1844668736,1,2,Large TRANSFER;Account drain;,2.223088682689468
6358036,711,TRANSFER,3399575.93,C1941295125,C1885948994,1,2,Large TRANSFER;Account drain;,2.2205234518741404
6174552,564,TRANSFER,3370781.65,C1641639361,C236124320,1,2,Large TRANSFER;Account drain;,2.218655626548106
6168672,557,TRANSFER,3332748.16,C136906216,C560125098,1,2,Large TRANSFER;Account drain;,2.216188472798838
6127440,541,TRANSFER,3297243.38,C411433616,C1948800216,1,2,Large TRANSFER;Account drain;,2.213885351231663
6296621,674,TRANSFER,3288377.47,C1001875185,C690110733,1,2,Large TRANSFER;Account drain;,2.2133102380065246
6171375,563,TRANSFER,3200818.85,C1857126069,C761148090,1,2,Large TRANSFER;Account drain;,2.2076304916142337
6362465,730,TRANSFER,3191058.32,C1884883180,C906779007,1,2,Large TRANSFER;Account drain;,2.206997346241975
