feature,information_value,kind
term,0.14506166899426434,categorical
fico_range_low,0.11680462609843012,numeric
dti,0.040150850970318355,numeric
annual_inc,0.039404730720461606,numeric
revol_util,0.0389443912752267,numeric
purpose,0.034220925396372,categorical
inq_last_6mths,0.032227148196376475,numeric
verification_status,0.026487624854560445,categorical
loan_amnt,0.024228413241759138,numeric
addr_state,0.013216238360590066,categorical
home_ownership,0.01089943258088074,categorical
pub_rec_bankruptcies,0.007078347465192359,numeric
emp_length,0.004676363946767743,categorical
total_acc,0.002236453741203221,numeric
open_acc,0.0021115273781326916,numeric
delinq_2yrs,0.0007092981473279199,numeric
collections_12_mths_ex_med,0.0005815505534397745,numeric
pub_rec,0.000341613455582095,numeric
delinq_amnt,0.000341613455582095,numeric
acc_now_delinq,0.000341613455582095,numeric
tax_liens,5.533458566344601e-05,numeric
application_type,0.0,categorical
