feature,issue_year,train_years,psi,status,loans
score,2014,"2007,2008,2009,2010,2011,2012,2013",0.020731778428428632,stable,223103
score,2015,"2007,2008,2009,2010,2011,2012,2013",0.006011216356286284,stable,375546
score,2016,"2007,2008,2009,2010,2011,2012,2013",0.0032947002506370894,stable,293104
score,2017,"2007,2008,2009,2010,2011,2012,2013",0.0029901632209945956,stable,169320
score,2018,"2007,2008,2009,2010,2011,2012,2013",0.03605536178935573,stable,56318
loan_amnt,2014,"2007,2008,2009,2010,2011,2012,2013",0.016341258711233268,stable,223103
loan_amnt,2015,"2007,2008,2009,2010,2011,2012,2013",0.014181948089049917,stable,375546
loan_amnt,2016,"2007,2008,2009,2010,2011,2012,2013",0.016490133505779866,stable,293104
loan_amnt,2017,"2007,2008,2009,2010,2011,2012,2013",0.0351402105965726,stable,169320
loan_amnt,2018,"2007,2008,2009,2010,2011,2012,2013",0.06819469748922541,stable,56318
annual_inc,2014,"2007,2008,2009,2010,2011,2012,2013",0.0047756548099951255,stable,223103
annual_inc,2015,"2007,2008,2009,2010,2011,2012,2013",0.008968684984143133,stable,375546
annual_inc,2016,"2007,2008,2009,2010,2011,2012,2013",0.022499828479784063,stable,293104
annual_inc,2017,"2007,2008,2009,2010,2011,2012,2013",0.02598592104903573,stable,169320
annual_inc,2018,"2007,2008,2009,2010,2011,2012,2013",0.030882694798339327,stable,56318
dti,2014,"2007,2008,2009,2010,2011,2012,2013",0.03760755430212928,stable,223103
dti,2015,"2007,2008,2009,2010,2011,2012,2013",0.0966253210191286,stable,375546
dti,2016,"2007,2008,2009,2010,2011,2012,2013",0.08179692802060498,stable,293104
dti,2017,"2007,2008,2009,2010,2011,2012,2013",0.06607822531041782,stable,169320
dti,2018,"2007,2008,2009,2010,2011,2012,2013",0.08970227920772289,stable,56318
delinq_2yrs,2014,"2007,2008,2009,2010,2011,2012,2013",0.01464809791407591,stable,223103
delinq_2yrs,2015,"2007,2008,2009,2010,2011,2012,2013",0.014056310877020408,stable,375546
delinq_2yrs,2016,"2007,2008,2009,2010,2011,2012,2013",0.014669761620018804,stable,293104
delinq_2yrs,2017,"2007,2008,2009,2010,2011,2012,2013",0.008226685062276569,stable,169320
delinq_2yrs,2018,"2007,2008,2009,2010,2011,2012,2013",4.1367390905217896e-05,stable,56318
fico_range_low,2014,"2007,2008,2009,2010,2011,2012,2013",0.07091309554822847,stable,223103
fico_range_low,2015,"2007,2008,2009,2010,2011,2012,2013",0.05674603484306275,stable,375546
fico_range_low,2016,"2007,2008,2009,2010,2011,2012,2013",0.038150492083188166,stable,293104
fico_range_low,2017,"2007,2008,2009,2010,2011,2012,2013",0.0207955881778557,stable,169320
fico_range_low,2018,"2007,2008,2009,2010,2011,2012,2013",0.06871654015843891,stable,56318
inq_last_6mths,2014,"2007,2008,2009,2010,2011,2012,2013",0.00464077405165438,stable,223103
inq_last_6mths,2015,"2007,2008,2009,2010,2011,2012,2013",0.053997368947459164,stable,375546
inq_last_6mths,2016,"2007,2008,2009,2010,2011,2012,2013",0.049518118512370826,stable,293104
inq_last_6mths,2017,"2007,2008,2009,2010,2011,2012,2013",0.05742134600359139,stable,169320
inq_last_6mths,2018,"2007,2008,2009,2010,2011,2012,2013",0.07066218234829891,stable,56318
open_acc,2014,"2007,2008,2009,2010,2011,2012,2013",0.02989882778710093,stable,223103
open_acc,2015,"2007,2008,2009,2010,2011,2012,2013",0.046440966840206335,stable,375546
open_acc,2016,"2007,2008,2009,2010,2011,2012,2013",0.04670387981488331,stable,293104
open_acc,2017,"2007,2008,2009,2010,2011,2012,2013",0.03630337431357403,stable,169320
open_acc,2018,"2007,2008,2009,2010,2011,2012,2013",0.04212187878407593,stable,56318
pub_rec,2014,"2007,2008,2009,2010,2011,2012,2013",3.1186791015890636e-05,stable,223103
pub_rec,2015,"2007,2008,2009,2010,2011,2012,2013",3.1186791015890636e-05,stable,375546
pub_rec,2016,"2007,2008,2009,2010,2011,2012,2013",3.1186791015890636e-05,stable,293104
pub_rec,2017,"2007,2008,2009,2010,2011,2012,2013",3.1186791015890636e-05,stable,169320
pub_rec,2018,"2007,2008,2009,2010,2011,2012,2013",3.1186791015890636e-05,stable,56318
revol_util,2014,"2007,2008,2009,2010,2011,2012,2013",0.020357172050004514,stable,223103
revol_util,2015,"2007,2008,2009,2010,2011,2012,2013",0.03635337820049215,stable,375546
revol_util,2016,"2007,2008,2009,2010,2011,2012,2013",0.10267774182382251,watch,293104
revol_util,2017,"2007,2008,2009,2010,2011,2012,2013",0.20307029147765243,watch,169320
revol_util,2018,"2007,2008,2009,2010,2011,2012,2013",0.48075245923983834,action,56318
total_acc,2014,"2007,2008,2009,2010,2011,2012,2013",0.024688576308588887,stable,223103
total_acc,2015,"2007,2008,2009,2010,2011,2012,2013",0.010808648822147538,stable,375546
total_acc,2016,"2007,2008,2009,2010,2011,2012,2013",0.004242093514882307,stable,293104
total_acc,2017,"2007,2008,2009,2010,2011,2012,2013",0.0043629693216864635,stable,169320
total_acc,2018,"2007,2008,2009,2010,2011,2012,2013",0.015788865432382462,stable,56318
collections_12_mths_ex_med,2014,"2007,2008,2009,2010,2011,2012,2013",0.0019831702053962775,stable,223103
collections_12_mths_ex_med,2015,"2007,2008,2009,2010,2011,2012,2013",0.0019831702053962775,stable,375546
collections_12_mths_ex_med,2016,"2007,2008,2009,2010,2011,2012,2013",0.0019831702053962775,stable,293104
collections_12_mths_ex_med,2017,"2007,2008,2009,2010,2011,2012,2013",0.0019831702053962775,stable,169320
collections_12_mths_ex_med,2018,"2007,2008,2009,2010,2011,2012,2013",0.0019831702053962775,stable,56318
acc_now_delinq,2014,"2007,2008,2009,2010,2011,2012,2013",3.1186791015890636e-05,stable,223103
acc_now_delinq,2015,"2007,2008,2009,2010,2011,2012,2013",3.1186791015890636e-05,stable,375546
acc_now_delinq,2016,"2007,2008,2009,2010,2011,2012,2013",3.1186791015890636e-05,stable,293104
acc_now_delinq,2017,"2007,2008,2009,2010,2011,2012,2013",3.1186791015890636e-05,stable,169320
acc_now_delinq,2018,"2007,2008,2009,2010,2011,2012,2013",3.1186791015890636e-05,stable,56318
delinq_amnt,2014,"2007,2008,2009,2010,2011,2012,2013",3.1186791015890636e-05,stable,223103
delinq_amnt,2015,"2007,2008,2009,2010,2011,2012,2013",3.1186791015890636e-05,stable,375546
delinq_amnt,2016,"2007,2008,2009,2010,2011,2012,2013",3.1186791015890636e-05,stable,293104
delinq_amnt,2017,"2007,2008,2009,2010,2011,2012,2013",3.1186791015890636e-05,stable,169320
delinq_amnt,2018,"2007,2008,2009,2010,2011,2012,2013",3.1186791015890636e-05,stable,56318
pub_rec_bankruptcies,2014,"2007,2008,2009,2010,2011,2012,2013",0.033107811929382086,stable,223103
pub_rec_bankruptcies,2015,"2007,2008,2009,2010,2011,2012,2013",0.033107811929382086,stable,375546
pub_rec_bankruptcies,2016,"2007,2008,2009,2010,2011,2012,2013",0.033107811929382086,stable,293104
pub_rec_bankruptcies,2017,"2007,2008,2009,2010,2011,2012,2013",0.033107811929382086,stable,169320
pub_rec_bankruptcies,2018,"2007,2008,2009,2010,2011,2012,2013",0.033107811929382086,stable,56318
tax_liens,2014,"2007,2008,2009,2010,2011,2012,2013",0.0011445105000145916,stable,223103
tax_liens,2015,"2007,2008,2009,2010,2011,2012,2013",0.0011445105000145916,stable,375546
tax_liens,2016,"2007,2008,2009,2010,2011,2012,2013",0.0011445105000145916,stable,293104
tax_liens,2017,"2007,2008,2009,2010,2011,2012,2013",0.0011445105000145916,stable,169320
tax_liens,2018,"2007,2008,2009,2010,2011,2012,2013",0.0011445105000145916,stable,56318
term,2014,"2007,2008,2009,2010,2011,2012,2013",0.004887089270004572,stable,223103
term,2015,"2007,2008,2009,2010,2011,2012,2013",0.0001663571625374642,stable,375546
term,2016,"2007,2008,2009,2010,2011,2012,2013",0.006496515715686628,stable,293104
term,2017,"2007,2008,2009,2010,2011,2012,2013",1.0674656375632747e-08,stable,169320
term,2018,"2007,2008,2009,2010,2011,2012,2013",0.0036631467653284533,stable,56318
emp_length,2014,"2007,2008,2009,2010,2011,2012,2013",0.016384793786298826,stable,223103
emp_length,2015,"2007,2008,2009,2010,2011,2012,2013",0.02856337443020518,stable,375546
emp_length,2016,"2007,2008,2009,2010,2011,2012,2013",0.04040951323331137,stable,293104
emp_length,2017,"2007,2008,2009,2010,2011,2012,2013",0.05027734503201773,stable,169320
emp_length,2018,"2007,2008,2009,2010,2011,2012,2013",0.06654461291709127,stable,56318
home_ownership,2014,"2007,2008,2009,2010,2011,2012,2013",0.009366986252207502,stable,223103
home_ownership,2015,"2007,2008,2009,2010,2011,2012,2013",0.014759923939529063,stable,375546
home_ownership,2016,"2007,2008,2009,2010,2011,2012,2013",0.024870397896537663,stable,293104
home_ownership,2017,"2007,2008,2009,2010,2011,2012,2013",0.031411330859828175,stable,169320
home_ownership,2018,"2007,2008,2009,2010,2011,2012,2013",0.04195611693873105,stable,56318
verification_status,2014,"2007,2008,2009,2010,2011,2012,2013",0.18558729689444003,watch,223103
verification_status,2015,"2007,2008,2009,2010,2011,2012,2013",0.20623540025161988,watch,375546
verification_status,2016,"2007,2008,2009,2010,2011,2012,2013",0.18376485911318402,watch,293104
verification_status,2017,"2007,2008,2009,2010,2011,2012,2013",0.17706633978049569,watch,169320
verification_status,2018,"2007,2008,2009,2010,2011,2012,2013",0.24249468332625707,watch,56318
purpose,2014,"2007,2008,2009,2010,2011,2012,2013",0.09510359912192054,stable,223103
purpose,2015,"2007,2008,2009,2010,2011,2012,2013",0.10445382703631562,watch,375546
purpose,2016,"2007,2008,2009,2010,2011,2012,2013",0.1042588888991942,watch,293104
purpose,2017,"2007,2008,2009,2010,2011,2012,2013",0.13179766200901014,watch,169320
purpose,2018,"2007,2008,2009,2010,2011,2012,2013",0.13012965248767772,watch,56318
addr_state,2014,"2007,2008,2009,2010,2011,2012,2013",0.033754249608484936,stable,223103
addr_state,2015,"2007,2008,2009,2010,2011,2012,2013",0.0641837070288737,stable,375546
addr_state,2016,"2007,2008,2009,2010,2011,2012,2013",0.12166150234254064,watch,293104
addr_state,2017,"2007,2008,2009,2010,2011,2012,2013",0.12260749462032655,watch,169320
addr_state,2018,"2007,2008,2009,2010,2011,2012,2013",0.12286617536878404,watch,56318
application_type,2014,"2007,2008,2009,2010,2011,2012,2013",0.0,stable,223103
application_type,2015,"2007,2008,2009,2010,2011,2012,2013",0.007440146429731698,stable,375546
application_type,2016,"2007,2008,2009,2010,2011,2012,2013",0.17705785507415478,watch,293104
application_type,2017,"2007,2008,2009,2010,2011,2012,2013",0.8719684535081469,action,169320
application_type,2018,"2007,2008,2009,2010,2011,2012,2013",1.4948404566334084,action,56318
