score_decile,loans,mean_score,observed_default_rate
1,51875,504.8936821171252,0.44221686746987954
2,51874,520.5914304329235,0.3417704437675907
3,51874,528.0344875267203,0.29288275436634925
4,51874,533.5111370370845,0.2547711763118325
5,51874,538.342858590728,0.22385009831514824
6,51874,543.0514177911873,0.19568569996530052
7,51874,547.9964384981952,0.1710298029841539
8,51874,553.6516380435854,0.14469676523884797
9,51874,561.0209243132435,0.1116551644369048
10,51875,575.8426234529207,0.06330602409638554
