dimension,segment,resolved_loans,defaults,default_rate
grade,A,235103,14214,0.06045860750394508
grade,B,392832,52661,0.13405476132290647
grade,C,381841,85805,0.22471395161860566
grade,D,201163,61264,0.3045490472900086
grade,E,93814,36199,0.3858592534163344
grade,F,32152,14585,0.453626524010948
grade,G,9204,4632,0.5032594524119948
home_ownership,ANY,286,56,0.1958041958041958
home_ownership,MORTGAGE,665942,114896,0.17253154178592128
home_ownership,NONE,49,8,0.16326530612244897
home_ownership,OTHER,155,38,0.24516129032258063
home_ownership,OWN,144889,29921,0.2065098109587339
home_ownership,RENT,534788,124441,0.23269220700539278
purpose,car,14601,2157,0.14772960756112596
purpose,credit_card,295354,50057,0.1694813681209667
purpose,debt_consolidation,780632,165327,0.21178609126963793
purpose,educational,358,88,0.24581005586592178
purpose,home_improvement,87578,15576,0.17785288542784716
purpose,house,7265,1599,0.22009635237439779
purpose,major_purchase,29450,5498,0.1866893039049236
purpose,medical,15578,3411,0.2189626396199769
purpose,moving,9495,2229,0.23475513428120062
purpose,other,77998,16508,0.21164645247314035
purpose,renewable_energy,934,222,0.23768736616702354
purpose,small_business,15488,4652,0.30036157024793386
purpose,vacation,9071,1744,0.19226105170323007
purpose,wedding,2307,292,0.12657130472475075
state,AK,3191,628,0.19680350987151363
state,AL,16621,3934,0.23668852656278203
state,AR,10053,2426,0.24132099870685367
state,AZ,32715,6438,0.19679046309032555
state,CA,196630,38642,0.19652138534303007
state,CO,29684,4620,0.15563940169788437
state,CT,19741,3441,0.1743072792665012
state,DC,3477,461,0.13258556226632154
state,DE,3787,751,0.19831000792183787
state,FL,95683,20608,0.2153778623161899
state,GA,43411,8013,0.18458455230241183
state,HI,6760,1368,0.20236686390532543
state,IA,9,3,0.3333333333333333
state,ID,1689,318,0.1882770870337478
state,IL,51759,9399,0.18159160725670898
state,IN,21722,4656,0.21434490378418194
state,KS,11246,1888,0.16788191356926907
state,KY,12849,2704,0.21044439255973227
state,LA,15504,3598,0.23206914344685242
state,MA,31001,5926,0.19115512402825716
state,MD,31251,6678,0.2136891619468177
state,ME,2030,281,0.13842364532019705
state,MI,35253,7170,0.2033869457918475
state,MN,23979,4743,0.1977980733141499
state,MO,21287,4554,0.21393338657396532
state,MS,6592,1722,0.2612257281553398
state,MT,3829,651,0.170018281535649
state,NC,37797,7866,0.20811175490118264
state,ND,1602,328,0.20474406991260924
state,NE,3589,906,0.2524380050153246
state,NH,6451,942,0.14602387226786545
state,NJ,48476,10260,0.21165112633055533
state,NM,7365,1576,0.21398506449422947
state,NV,20283,4459,0.21983927426909233
state,NY,109906,24277,0.22088875948537842
state,OH,43862,9020,0.20564497742920979
state,OK,12284,2886,0.23493975903614459
state,OR,16415,2370,0.1443801401157478
state,PA,45567,9510,0.2087036671275265
state,RI,5874,1052,0.1790943139257746
state,SC,15997,2608,0.1630305682315434
state,SD,2768,591,0.2135115606936416
state,TN,20389,4368,0.21423316494188044
state,TX,110228,21897,0.19865188518343796
state,UT,10041,1717,0.1709989044915845
state,VA,38056,7602,0.19975825099852848
state,VT,2653,371,0.13984168865435356
state,WA,29205,4616,0.15805512754665296
state,WI,17746,3268,0.1841541755888651
state,WV,4880,759,0.1555327868852459
state,WY,2922,490,0.1676933607118412
sub_grade,A1,43679,1409,0.03225806451612903
sub_grade,A2,37181,1737,0.04671740942954735
sub_grade,A3,37997,2094,0.05510961391688818
sub_grade,A4,52236,3588,0.06868826096944636
sub_grade,A5,64010,5386,0.08414310264021246
sub_grade,B1,71169,7431,0.10441343843527379
sub_grade,B2,74036,8421,0.11374196336917175
sub_grade,B3,81839,10637,0.12997470643580689
sub_grade,B4,83223,12360,0.14851663602609855
sub_grade,B5,82565,13812,0.16728638042754193
sub_grade,C1,85518,16254,0.19006524942117448
sub_grade,C2,79252,16452,0.20759097562206633
sub_grade,C3,75034,16928,0.2256043926753205
sub_grade,C4,74450,18575,0.24949630624580255
sub_grade,C5,67587,17596,0.2603459245121103
sub_grade,D1,51358,14307,0.27857393200669806
sub_grade,D2,44894,13315,0.2965875172628859
sub_grade,D3,39359,12050,0.3061561523412688
sub_grade,D4,35611,11557,0.32453455392996544
sub_grade,D5,29941,10035,0.33515914632109817
sub_grade,E1,23785,8601,0.3616144628967837
sub_grade,E2,21415,8064,0.3765584870417931
sub_grade,E3,18422,7153,0.3882857453045272
sub_grade,E4,15757,6341,0.4024243193501301
sub_grade,E5,14435,6040,0.41842743332178733
sub_grade,F1,9991,4238,0.42418176358722853
sub_grade,F2,7215,3281,0.45474705474705474
sub_grade,F3,6107,2763,0.45243163582773865
sub_grade,F4,4879,2347,0.48104119696659153
sub_grade,F5,3960,1956,0.49393939393939396
sub_grade,G1,3010,1447,0.4807308970099668
sub_grade,G2,2141,1057,0.4936945352638954
sub_grade,G3,1624,839,0.5166256157635468
sub_grade,G4,1300,675,0.5192307692307693
sub_grade,G5,1129,614,0.5438441098317095
term, 36 months,1021416,163926,0.1604889682558331
term, 60 months,324693,105434,0.32471904229533743
