score_cutoff,test_loans,approved_loans,approval_rate,bad_rate_approved,bad_rate_declined,declined_loans
413.63134746422725,518742,518742,1.0,0.22418658986548226,NOT AVAILABLE,0
515.5556235466153,518742,466867,0.8999984578075421,0.19996058834743086,0.44221686746987954,51875
524.8202053704573,518742,414993,0.7999988433556565,0.18223439913444323,0.39199413970255137,103749
530.9560413492252,518742,363119,0.6999992289037711,0.16642753477510128,0.358957223546648,155623
535.9802419100463,518742,311245,0.5999996144518855,0.1517036418255715,0.3329108372651171,207497
540.6782178437217,518742,259371,0.5,0.13727440615951667,0.31109877357144783,259371
545.452178059142,518742,207497,0.40000038554811446,0.12267165308414098,0.29186332310559204,311245
550.6451936727665,518742,155623,0.30000077109622897,0.1065523733638344,0.2746014391976184,363119
556.897626500411,518742,103749,0.20000115664434343,0.08748036125649404,0.25836339408134595,414993
565.9322275635009,518742,51875,0.10000154219245791,0.06330602409638554,0.24206251459195016,466867
616.3442474213015,518742,1,1.927740572384731e-06,0.0,0.22418702203990046,518741
617.3442474213015,518742,0,0.0,NOT AVAILABLE,0.22418658986548226,518742
