issue_quarter,resolved_loans,defaults,default_rate
2007-Q2,4,3,0.75
2007-Q3,111,40,0.36036036036036034
2007-Q4,249,115,0.46184738955823296
2008-Q1,719,234,0.325452016689847
2008-Q2,358,110,0.30726256983240224
2008-Q3,210,52,0.24761904761904763
2008-Q4,524,100,0.19083969465648856
2009-Q1,805,123,0.15279503105590062
2009-Q2,998,158,0.15831663326653306
2009-Q3,1261,174,0.1379857256145916
2009-Q4,1781,268,0.15047725996631106
2010-Q1,1999,254,0.12706353176588295
2010-Q2,2844,441,0.1550632911392405
2010-Q3,3361,537,0.1597738768223743
2010-Q4,3602,525,0.14575235980011106
2011-Q1,4126,565,0.13693650024236548
2011-Q2,5102,783,0.15346922775382202
2011-Q3,5876,861,0.1465282505105514
2011-Q4,6617,1088,0.16442496599667522
2012-Q1,8076,1304,0.16146607231302626
2012-Q2,10447,1779,0.17028812099167226
2012-Q3,16133,2654,0.16450753114733777
2012-Q4,18711,2907,0.15536315536315537
2013-Q1,22706,3410,0.1501805690125958
2013-Q2,30668,4985,0.16254728055301942
2013-Q3,37571,5847,0.1556253493385856
2013-Q4,43859,6782,0.15463188855195056
2014-Q1,47013,7751,0.16486929147257143
2014-Q2,52456,9766,0.18617508006710387
2014-Q3,55238,10390,0.18809515188819292
2014-Q4,68396,13255,0.19379788291712965
2015-Q1,76803,15435,0.20096871215968126
2015-Q2,85942,17685,0.20577831560820087
2015-Q3,97904,19819,0.2024329955875143
2015-Q4,114897,22865,0.19900432561337547
2016-Q1,111933,22791,0.20361287555948648
2016-Q2,62949,15955,0.25345914947020604
2016-Q3,60891,15806,0.25957859125322297
2016-Q4,57331,13700,0.23896321361915893
2017-Q1,46873,10751,0.22936445288332302
2017-Q2,44492,10591,0.23804279421019509
2017-Q3,43854,10498,0.23938523281798696
2017-Q4,34101,7329,0.21492038356646434
2018-Q1,22530,4387,0.19471815357301375
2018-Q2,18449,3347,0.181419047102824
2018-Q3,10309,1018,0.09874866621398777
2018-Q4,5030,122,0.024254473161033796
